hateful,offensive,toxic,count
False,False,False,0.9390227849378737
True,True,True,0.043494429093110985
False,False,True,0.010548907373868897
True,False,True,0.002692486159118308
False,True,True,0.0026305079688595245
True,True,False,0.001011944787853591
True,False,False,0.00030166375789673444
False,True,False,0.0002972759214182365
